{"cameraMode":{"drawMode":0,"name":"Shaded","section":"Shading Mode"},"sceneLighting":true,"audioPlay":false,"sceneViewState":{"showFog":true,"showMaterialUpdate":false,"showSkybox":true,"showFlares":true,"showImageEffects":true,"showParticleSystems":true},"in2DMode":false,"pivot":{"x":117.00050354003906,"y":59.57977294921875,"z":88.4091796875},"rotation":{"x":0.027174126356840135,"y":0.9659982323646545,"z":-0.23057764768600465,"w":0.11383438110351563},"size":164.31497192382813,"orthographic":false}