{"cameraMode":{"drawMode":0,"name":"Shaded","section":"Shading Mode"},"sceneLighting":true,"audioPlay":false,"sceneViewState":{"showFog":false,"showMaterialUpdate":false,"showSkybox":false,"showFlares":false,"showImageEffects":false,"showParticleSystems":false},"in2DMode":false,"pivot":{"x":-2.7130298614501955,"y":-1.9503073692321778,"z":-7.028773307800293},"rotation":{"x":-0.09629835933446884,"y":0.90166175365448,"z":-0.264468252658844,"w":-0.3283141553401947},"size":12.57651138305664,"orthographic":false}